,City,Lat,Lng,Max Temp,Humidity,Cloudiness,Wind Speed,Country,Date
0,Ribeira Grande,38.52,-28.7,290.83,89,98,5.49,PT,1589596765
1,Port Alfred,-33.59,26.89,287.59,79,17,2.68,ZA,1589596756
2,Port Moresby,-9.44,147.18,305.15,62,40,5.1,PG,1589596745
3,Ushuaia,-54.8,-68.3,278.15,80,75,2.6,AR,1589596686
4,Dikson,73.51,80.55,272.25,95,97,5.45,RU,1589596772
5,Kavaratti,10.57,72.64,298.72,92,100,8.43,IN,1589596834
6,Port Blair,11.67,92.75,302.8,76,100,6.31,IN,1589596633
7,Batemans Bay,-35.72,150.18,292.04,63,0,3.75,AU,1589597034
8,Charters Towers,-20.1,146.27,297.51,45,66,6.14,AU,1589597034
9,Tabas,33.6,56.92,297.66,19,0,1.35,IR,1589597034
10,Lüderitz,-26.65,15.16,286.15,82,0,3.1,NA,1589596762
11,Wanning,18.8,110.4,304.98,61,0,5.74,CN,1589596846
12,Avarua,-21.21,-159.78,300.15,83,75,5.7,CK,1589596762
13,Cherskiy,68.75,161.3,281.01,56,0,2.77,RU,1589596768
14,Hamina,60.57,27.2,274.26,74,99,1.5,FI,1589597035
15,Novoanninskiy,50.53,42.67,278.71,91,79,1.11,RU,1589597036
16,Kibala,9.11,18.35,300.43,65,57,2.81,TD,1589597036
17,St. George's,12.06,-61.75,301.15,78,40,7.7,GD,1589597036
18,Mataura,-46.19,168.86,285.89,61,0,0.39,NZ,1589596758
19,Pangai,-19.8,-174.35,301.15,61,20,1,TO,1589597036
20,Geraldton,-28.77,114.6,293.15,64,94,4.1,AU,1589596852
21,Rikitea,-23.12,-134.97,296.77,84,68,9.65,PF,1589596764
22,Arraial do Cabo,-22.97,-42.03,294.8,77,100,4.23,BR,1589596581
23,Yar-Sale,66.83,70.83,274.53,94,100,7.28,RU,1589597037
24,Codrington,-38.27,141.97,287.96,50,0,4.9,AU,1589596788
25,Puerto Madryn,-42.77,-65.04,293.12,50,71,7.57,AR,1589597038
26,Ozark,37.02,-93.21,290.37,95,100,2.03,US,1589597038
27,Cape Town,-33.93,18.42,282.15,100,67,1,ZA,1589596845
28,Ponta do Sol,32.67,-17.1,290.15,55,75,7.2,PT,1589596820
29,Sibolga,1.74,98.78,303.94,63,100,0.95,ID,1589596763
30,Leningradskiy,69.38,178.42,272.34,95,34,1.25,RU,1589596780
31,Jamestown,42.1,-79.24,288.15,100,90,3.6,US,1589596760
32,Faanui,-16.48,-151.75,301.4,73,0,3.24,PF,1589596762
33,Hithadhoo,-0.6,73.08,302.53,74,94,7.66,MV,1589596784
34,Longyearbyen,78.22,15.64,275.15,64,40,9.8,SJ,1589596874
35,Vaini,-21.2,-175.2,300.15,65,40,5.1,TO,1589596758
36,Puerto Colombia,10.99,-74.95,301.15,83,75,2.6,CO,1589597040
37,Umm Kaddadah,13.6,26.69,299.37,14,22,3.71,SD,1589597040
38,Butaritari,3.07,172.79,301.77,76,100,3.57,KI,1589596756
39,Hilo,19.73,-155.09,301.15,61,75,5.7,US,1589596767
40,Gawler,-34.6,138.73,290.37,49,0,1.79,AU,1589597041
41,Talnakh,69.49,88.4,276.15,69,43,7,RU,1589596782
42,Ekenäs,59.97,23.43,277.59,95,100,3.7,FI,1589597041
43,Albany,42.6,-73.97,290.37,87,100,0.45,US,1589596517
44,Ergani,38.27,39.76,287.15,66,17,1,TR,1589597042
45,Ilulissat,69.22,-51.1,272.15,100,0,3.6,GL,1589596877
46,Hewitt,31.46,-97.2,297.15,78,1,3.6,US,1589597042
47,Severo-Kuril'sk,50.68,156.12,276.64,81,87,1.74,RU,1589596765
48,Nikolskoye,59.7,30.79,275.15,87,100,1,RU,1589596797
49,Plainview,40.78,-73.47,295.37,68,20,7.2,US,1589596968
50,Upernavik,72.79,-56.15,272.88,98,100,5.86,GL,1589596782
51,Norman Wells,65.28,-126.83,274.15,86,90,8.7,CA,1589596813
52,Hirado,33.36,129.55,295.15,94,75,1.5,JP,1589597043
53,Mar del Plata,-38,-57.56,287.59,87,0,5.1,AR,1589596623
54,Olinda,-8.01,-34.86,298.15,88,75,1,BR,1589596873
55,Grand Gaube,-20.01,57.66,294.82,81,0,1.79,MU,1589596783
56,Khingansk,49.12,131.18,296.72,25,1,0.82,RU,1589597044
57,Qaanaaq,77.48,-69.36,267.44,92,0,0.83,GL,1589596763
58,Tshikapa,-6.42,20.8,293.62,70,4,0.82,CD,1589597044
59,Kozhevnikovo,56.26,83.97,293.15,63,41,7.6,RU,1589597045
60,Kapaa,22.08,-159.32,300.15,74,20,4.6,US,1589596757
61,Tiarei,-17.53,-149.33,302.04,78,75,4.6,PF,1589597045
62,Yellowknife,62.46,-114.35,273.15,84,90,2.1,CA,1589596724
63,Saint-Philippe,-21.36,55.77,296.15,60,90,3.1,RE,1589596782
64,Hasaki,35.73,140.83,295.37,82,75,7.2,JP,1589596794
65,Punta Arenas,-53.15,-70.92,278.15,93,90,3.6,CL,1589596760
66,Lebu,-37.62,-73.65,286.29,94,74,2.29,CL,1589596767
67,Hermanus,-34.42,19.23,286.87,78,56,2.92,ZA,1589596793
68,Teahupoo,-17.83,-149.27,302.04,78,75,4.6,PF,1589597047
69,Bairiki Village,1.33,172.98,304.15,70,20,4.1,KI,1589597047
70,Bredasdorp,-34.53,20.04,281.15,81,47,1,ZA,1589596765
71,Saint-Leu,-21.15,55.28,296.15,64,90,2.6,RE,1589597047
72,Acapulco de Juárez,16.86,-99.89,301.15,74,40,3.6,MX,1589597048
73,Clyde River,70.47,-68.59,265.15,100,90,4.1,CA,1589596774
74,Agde,43.31,3.48,287.04,93,58,1.5,FR,1589597048
75,Boundiali,9.52,-6.49,297.8,73,82,1.14,CI,1589597048
76,La Ronge,55.1,-105.28,283.15,34,40,3.6,CA,1589596830
77,Egvekinot,66.32,-179.17,270.82,96,10,5.69,RU,1589596848
78,Galashki,43.11,44.99,286.15,93,56,1,RU,1589597049
79,Yura,-16.25,-71.68,286.95,36,10,0.77,PE,1589597049
80,Joshīmath,30.57,79.57,292.36,26,0,0.87,IN,1589597049
81,Roald,62.58,6.13,276.15,86,100,7.7,NO,1589596842
82,Touros,-5.2,-35.46,297.15,100,75,2.1,BR,1589596812
83,Bethel,41.37,-73.41,291.48,88,90,4.1,US,1589596651
84,Kahului,20.89,-156.47,302.15,58,40,9.8,US,1589596796
85,Olafsvik,64.89,-23.71,276.06,77,0,5.56,IS,1589596782
86,Kulhudhuffushi,6.62,73.07,301.57,80,100,7.92,MV,1589597051
87,New Norfolk,-42.78,147.06,288.15,71,60,2.24,AU,1589596760
88,Los Llanos de Aridane,28.66,-17.92,292.15,68,75,6.7,ES,1589597052
89,Jaciara,-15.97,-54.97,292.04,91,89,1.02,BR,1589597052
90,Pedernales,18.04,-71.74,299.19,71,31,4.28,DO,1589596792
91,Ljungby,56.83,13.94,279.26,93,85,5.1,SE,1589597052
92,Glendive,47.11,-104.71,287.59,62,90,3.6,US,1589597052
93,Castro,-24.79,-50.01,284.17,94,2,1.02,BR,1589596767
94,Cidreira,-30.18,-50.21,285.68,72,54,4.1,BR,1589596781
95,Marabá,-5.37,-49.12,299.15,94,40,0.5,BR,1589597053
96,Panguna,-6.32,155.48,299.6,82,94,1.15,PG,1589597053
97,Alice Springs,-23.7,133.88,290.15,27,0,5.7,AU,1589596970
98,Hobart,-42.88,147.33,288.71,44,39,7.7,AU,1589596494
99,Pisco,-13.7,-76.22,292.15,88,90,3.6,PE,1589596783
100,Port Hedland,-20.32,118.57,302.15,7,0,9.8,AU,1589597054
101,Nanortalik,60.14,-45.24,276.43,92,100,5.57,GL,1589596757
102,Bluff,-46.6,168.33,285.08,79,42,3.73,NZ,1589596790
103,Esperance,-33.87,121.9,290.15,63,90,6.2,AU,1589596818
104,Kaitangata,-46.28,169.85,285.7,66,3,0.99,NZ,1589596756
105,Busselton,-33.65,115.33,290.37,38,28,4.17,AU,1589596678
106,Løpsmarka,67.31,14.45,276.15,59,75,5.7,NO,1589597055
107,Tías,28.96,-13.64,292.15,68,9,3.1,ES,1589597055
108,São Filipe,14.9,-24.5,295.68,79,1,4.46,CV,1589596793
109,Narsaq,60.92,-46.05,278.15,60,100,2.6,GL,1589596805
110,Fougamou,-1.22,10.58,297.01,96,54,0.63,GA,1589597056
111,Coquimbo,-29.95,-71.34,285.15,81,0,1.5,CL,1589596835
112,Tigil',57.8,158.67,284.64,42,73,4.94,RU,1589596800
113,Mglin,53.06,32.85,277.13,82,11,1.89,RU,1589597056
114,Shakawe,-18.37,21.85,285.37,43,0,1.41,BW,1589597056
115,Boa Vista,2.82,-60.67,300.15,74,78,4.6,BR,1589596596
116,Manutuke,-38.68,177.92,288.15,87,100,0.89,NZ,1589597057
117,Tongzi,28.78,105.09,297.97,73,100,1.26,CN,1589597057
118,Saskylakh,71.92,114.08,273.43,97,100,3.14,RU,1589596775
119,Cascais,38.7,-9.42,289.26,94,0,3.7,PT,1589597057
120,Atuona,-9.8,-139.03,300.49,70,0,5.46,PF,1589596757
121,Salalah,17.02,54.09,302.15,83,20,1.5,OM,1589596576
122,Souillac,-20.52,57.52,292.15,93,20,2.6,MU,1589596769
123,East London,-33.02,27.91,289.73,65,66,7.02,ZA,1589596770
124,Tabuk,17.42,121.44,296.71,93,100,1.9,PH,1589597058
125,Krivosheino,57.34,83.93,292.2,62,11,6.41,RU,1589597059
126,Barrow,71.29,-156.79,271.15,86,90,8.7,US,1589596501
127,Lac du Bonnet,50.25,-96.06,280.37,72,75,2.09,CA,1589597059
128,Bambous Virieux,-20.34,57.76,294.82,93,20,2.6,MU,1589596764
129,Puerto Ayora,-0.74,-90.35,297.04,92,77,0.45,EC,1589596777
130,Mahébourg,-20.41,57.7,292.15,93,20,2.6,MU,1589596767
131,Port Elizabeth,-33.92,25.57,288.15,72,24,5.1,ZA,1589596848
132,Pozo Colorado,-23.49,-58.8,285.35,63,0,1.59,PY,1589597061
133,George Town,5.41,100.34,302.15,88,20,1,MY,1589596637
134,Vardø,70.37,31.11,276.61,77,50,6.03,NO,1589596800
135,Dārāb,28.75,54.54,298.32,22,10,1,IR,1589597061
136,San Cristobal,7.77,-72.22,292.41,89,34,1.59,VE,1589596847
137,Eufaula,31.89,-85.15,295.37,83,57,2.29,US,1589597062
138,Road Town,18.42,-64.62,301.15,65,75,5.1,VG,1589597062
139,Cairns,-16.92,145.77,301.15,58,75,7.7,AU,1589596880
140,Abu Dhabi,24.47,54.37,300.93,83,7,1,AE,1589596896
141,Aklavik,68.22,-135.01,270.15,79,90,4.6,CA,1589596821
142,Zhangjiakou,40.81,114.88,292.08,26,76,7.53,CN,1589597063
143,Ahipara,-35.17,173.17,290.51,75,30,4.22,NZ,1589596810
144,Soroti,1.71,33.61,291.08,96,35,0.85,UG,1589597063
145,Laas,46.62,10.7,282.04,100,75,1.5,IT,1589596846
146,Takoradze,4.88,-1.76,300.06,87,56,2.66,GH,1589597064
147,Tiksi,71.69,128.87,273.52,97,98,6.2,RU,1589596774
148,Chokurdakh,70.63,147.92,273.78,93,0,6.09,RU,1589596773
149,Lexington Park,38.27,-76.45,298.15,57,1,5.1,US,1589597064
150,Ostrovnoy,68.05,39.51,274.83,90,100,2.84,RU,1589596842
151,Guangming,45.33,122.78,295.04,42,37,6.22,CN,1589597065
152,Sirte,31.21,16.59,299.28,28,0,6.65,LY,1589597065
153,Iquitos,-3.75,-73.25,297.15,94,40,1,PE,1589596968
154,Buraidah,26.33,43.98,297.15,38,100,1.78,SA,1589597065
155,Waingapu,-9.66,120.26,302.66,70,57,7.22,ID,1589597066
156,Raudeberg,61.99,5.14,275.37,90,100,11.31,NO,1589597066
157,Provideniya,64.38,-173.3,279.45,60,0,5.35,RU,1589596793
158,West Bay,19.37,-81.42,301.48,73,35,1.34,KY,1589596872
159,Popondetta,-8.75,148.25,304.05,62,33,2.52,PG,1589597067
160,Baltasi,56.35,50.21,279.17,81,94,8.61,RU,1589597067
161,Amapá,1,-52,295.67,98,99,0.99,BR,1589597067
162,Arlit,18.74,7.39,303.51,12,0,4.53,NE,1589596876
163,Bella Vista,36.43,-94.23,289.26,87,1,2.6,US,1589596918
164,Yatou,37.15,122.38,293.38,70,44,4.61,CN,1589597068
165,Voh,-20.97,164.7,298.99,61,51,4.49,NC,1589597068
166,Mandalgovi,45.76,106.27,278.94,48,0,12.67,MN,1589597068
167,Katsuura,35.13,140.3,292.59,94,100,2.68,JP,1589596787
168,Sioux Lookout,50.1,-91.92,283.15,71,75,1,CA,1589597068
169,Camaná,-16.62,-72.71,291.37,75,81,2.87,PE,1589596842
170,Iqaluit,63.75,-68.51,272.15,80,75,2.1,CA,1589596778
171,Saint-Pierre,-21.34,55.48,296.15,64,90,2.6,RE,1589597069
172,Beringovskiy,63.05,179.32,273.05,96,93,6.55,RU,1589596798
173,Ardakān,32.31,54.02,291.15,27,0,2.1,IR,1589597069
174,Haines Junction,60.75,-137.51,287.27,40,59,2.69,CA,1589596854
175,Atar,20.52,-13.05,295.63,24,0,5.11,MR,1589597070
176,Sattur,9.37,77.93,302.15,74,40,2.1,IN,1589597070
177,Abalak,58.13,68.59,285.94,51,0,1.54,RU,1589597070
178,Astara,38.5,48.67,286.15,100,20,1,AZ,1589597070
179,Sola,-13.88,167.55,299.88,82,70,7.87,VU,1589596796
180,College,64.86,-147.8,292.15,24,40,4.1,US,1589596788
181,Pangnirtung,66.15,-65.71,271.04,89,78,1.21,CA,1589596824
182,Omsukchan,62.53,155.8,275.04,90,100,1.29,RU,1589596825
183,Porosozero,62.72,32.73,274.87,85,6,0.98,RU,1589597072
184,Camapuã,-19.53,-54.04,291,85,88,2.1,BR,1589597072
185,Saint-Michel-des-Saints,46.68,-73.92,281.48,9,100,0.84,CA,1589596926
186,Akdepe,42.06,59.38,291.15,59,55,2.1,TM,1589597072
187,Port Hawkesbury,45.62,-61.35,274.26,86,1,1.5,CA,1589597072
188,Corrente,-3.74,-43.34,296.24,98,99,0.86,BR,1589597073
189,Ambon City,-3.7,128.18,302.23,77,9,4.54,ID,1589597073
190,Thompson,55.74,-97.86,279.15,30,40,1.5,CA,1589596770
191,Nioro,13.35,-15.75,296.31,40,0,1.48,GM,1589597073
192,Superior,46.72,-92.1,284.26,81,1,0.94,US,1589597073
193,Coyhaique,-45.58,-72.07,285.15,87,100,0.5,CL,1589596854
194,Deputatsky,69.3,139.9,274.59,100,98,1.39,RU,1589596838
195,Sinnamary,5.38,-52.95,297.93,90,100,3.13,GF,1589597074
196,Ribas do Rio Pardo,-20.44,-53.76,290.93,84,76,2.46,BR,1589597074
197,Palembang,-2.92,104.75,302.15,83,75,2.1,ID,1589596795
198,Mayo,38.89,-76.51,298.15,57,1,3.1,US,1589597075
199,Klaksvík,62.23,-6.59,276.15,74,95,8.2,FO,1589596805
200,Port Lincoln,-34.73,135.87,289.72,42,0,3.35,AU,1589597075
201,Saldanha,-33.01,17.94,282.15,87,67,1.5,ZA,1589596791
202,Port-Cartier,50.03,-66.87,279.26,60,75,2.6,CA,1589597076
203,Tarata,-17.62,-66.02,288.15,30,98,3.6,BO,1589597076
204,Novaya Igirma,57.13,103.91,284.18,42,11,2.21,RU,1589597076
205,Labuhan,-6.88,112.21,302.28,75,67,2.82,ID,1589596833
206,Octeville,49.63,-1.64,284.26,86,0,1.5,FR,1589597076
207,Ürümqi,43.8,87.6,294.15,43,96,3,CN,1589597002
208,Bengkulu,-3.8,102.27,303.81,60,35,0.88,ID,1589596776
209,Antofagasta,-23.65,-70.4,288.15,82,90,1,CL,1589597033
210,Chui,-33.7,-53.46,286.02,73,35,5.11,UY,1589596821
211,Naryan-Mar,67.67,53.09,276.23,75,0,2.33,RU,1589597078
212,Yashkino,55.87,85.43,292.15,59,20,7,RU,1589597078
213,Yulara,-25.24,130.99,290.15,27,0,5.7,AU,1589597078
214,Huarmey,-10.07,-78.15,292.32,84,12,2.79,PE,1589597078
215,Esna,25.29,32.55,303.15,35,0,1,EG,1589597078
216,Mīzan Teferī,6.98,35.58,289.49,90,92,1.2,ET,1589597079
217,Saint-Augustin,51.23,-58.65,275.37,84,34,3.11,CA,1589596869
218,Grindavik,63.84,-22.43,275.15,64,0,3.6,IS,1589596777
219,Pontianak,-0.03,109.33,302.15,83,20,2.1,ID,1589597079
220,Pauini,-7.71,-66.98,294.63,95,2,0.8,BR,1589597079
221,Namatanai,-3.67,152.43,303.31,70,3,4.44,PG,1589596759
222,Paphos,34.77,32.42,297.15,36,0,4.1,CY,1589597080
223,Kurumkan,54.3,110.3,279.33,75,100,1.49,RU,1589597080
224,Kirakira,-10.45,161.92,302.12,77,25,4.87,SB,1589596990
225,Ellensburg,47,-120.55,294.15,30,40,2.6,US,1589597080
226,Oktyabr'skiy,54.48,53.47,281.87,85,93,5.9,RU,1589596879
227,Zmeinogorsk,51.16,82.19,290.84,65,58,5.5,RU,1589597081
228,Sabang,5.89,95.32,301.65,81,100,4.08,ID,1589597081
229,Felipe Carrillo Puerto,19.58,-88.05,297.63,92,0,1.6,MX,1589597081
230,Flin Flon,54.77,-101.86,276.71,59,0,0.28,CA,1589596865
231,Constitución,-35.33,-72.42,288.39,86,4,3.85,CL,1589596825
232,Rundu,-17.93,19.77,283.15,61,0,1.75,NA,1589597082
233,Ingham,42.6,-84.38,291.15,82,90,3.19,US,1589597082
234,Tuatapere,-46.13,167.68,285.52,70,10,1.98,NZ,1589596813
235,Jutaí,-5.18,-68.9,296.34,97,87,1.56,BR,1589597082
236,Fortuna,40.6,-124.16,289.26,71,1,4.6,US,1589596792
237,Dharampur,20.53,73.18,304.71,53,57,2.17,IN,1589597083
238,Killybegs,54.63,-8.45,280.37,89,100,0.45,IE,1589597083
239,Kotovo,50.32,44.8,280.5,80,95,1.59,RU,1589597083
240,Sarangani,5.4,125.46,302.62,74,89,4.26,PH,1589597083
241,Orlik,52.52,99.83,281.81,45,0,1.97,RU,1589597083
242,Tasiilaq,65.61,-37.64,274.15,69,100,6.2,GL,1589596769
243,Kyaikkami,16.08,97.57,304.14,67,55,0.79,MM,1589597084
244,Alexandria,31.22,29.96,295.15,68,3,2.6,EG,1589596654
245,Visby,57.64,18.3,281.48,81,1,7.7,SE,1589597084
246,Dingle,11,122.67,306.39,53,65,2.35,PH,1589596797
247,Zalţan,32.95,11.87,302.37,14,40,6.98,LY,1589597085
248,Talaya,61.38,152.75,275.74,83,100,5.04,RU,1589597085
249,Airai,-8.93,125.41,295.03,83,56,2.17,TL,1589596759
250,Moosomin,50.13,-101.67,281.14,84,99,3.68,CA,1589597085
251,Saint George,37.1,-113.58,302.15,14,1,4.1,US,1589596795
252,Mount Gambier,-37.83,140.77,287.15,58,0,5.1,AU,1589596833
253,Nelson Bay,-32.72,152.15,293.15,60,40,4.1,AU,1589597086
254,Baruun-Urt,46.68,113.28,279.61,61,85,5.96,MN,1589597086
255,Tuktoyaktuk,69.45,-133.04,269.15,92,90,8.2,CA,1589596791
256,Kalmar,56.66,16.36,282.04,75,73,6.7,SE,1589597086
257,Huadian,42.96,126.75,292.77,62,73,0.5,CN,1589597087
258,Ludvika,60.15,15.19,275.93,97,66,2.6,SE,1589597087
259,Forsytheganj,52.63,29.73,277.47,81,50,1.87,BY,1589597087
260,Santa Maria,-29.68,-53.81,282.15,100,8,1.93,BR,1589596657
261,Cedar Rapids,42.01,-91.64,291.15,55,1,2.79,US,1589596813
262,Torbay,47.67,-52.73,275.37,97,90,3.1,CA,1589596819
263,Barcelos,41.54,-8.62,289.15,72,2,2.6,PT,1589596848
264,Umeå,63.83,20.26,270.15,92,100,1.68,SE,1589597088
265,Berlevåg,70.86,29.09,275.67,80,4,5.57,NO,1589596855
266,Mildura,-34.2,142.15,293.15,42,0,1,AU,1589597088
267,Lorengau,-2.02,147.27,300.94,83,100,4.34,PG,1589596761
268,Cayenne,4.93,-52.33,297.15,100,75,1,GF,1589596840
269,Guerrero Negro,27.98,-114.06,290.98,80,2,9.14,MX,1589596857
270,Launceston,-41.45,147.17,287.04,71,40,8.2,AU,1589596628
271,Zuya,45.05,34.32,289.09,71,46,5.66,UA,1589597089
272,Biu,10.61,12.19,298.33,67,61,4.02,NG,1589597089
273,Araouane,18.9,-3.53,302.01,15,92,5.73,ML,1589596811
274,Kruisfontein,-34,24.73,283.2,88,35,3.78,ZA,1589596831
275,Lata,40.16,-8.33,289.82,80,0,3.13,PT,1589597090
276,Ulaangom,49.98,92.07,290.18,31,100,2.15,MN,1589597090
277,Lagoa,39.05,-27.98,290.68,92,94,4.07,PT,1589596837
278,Lengshuitan,26.41,111.6,303.42,64,86,0.81,CN,1589597090
279,Kenai,60.55,-151.26,291.15,34,1,5.7,US,1589597091
280,Yerofey Pavlovich,53.97,121.97,287.82,42,100,6.8,RU,1589597091
281,Lázaro Cárdenas,17.96,-102.2,296.92,73,3,1.23,MX,1589597091
282,Sinop Province,41.77,34.87,293.45,42,74,5.92,TR,1589597091
283,Oriximiná,-1.77,-55.87,297.88,89,13,1.05,BR,1589597092
284,Najībābād,29.63,78.33,306.05,25,0,2.3,IN,1589597092
285,Krasnosel'kup,65.7,82.47,281.31,92,100,8.6,RU,1589596779
286,Padang,-0.95,100.35,303.96,65,92,1.42,ID,1589597092
287,Kavieng,-2.57,150.8,302.9,78,32,6.74,PG,1589596862
288,Santa Rosa,14.31,121.11,307.04,66,40,1,PH,1589597093
289,Alofi,-19.06,-169.92,301.15,74,92,3.1,NU,1589596775
290,Makkah al Mukarramah,21.43,39.83,304.87,31,100,9.71,SA,1589597093
291,Puteyets,65.17,57.09,276.94,72,0,1.42,RU,1589597093
292,Belmonte,-15.86,-38.88,298.15,88,40,1.5,BR,1589597093
293,Cabo San Lucas,22.89,-109.91,299.15,44,5,2.6,MX,1589596655
294,Talavera de la Reina,39.96,-4.83,285.93,89,12,2.24,ES,1589596842
295,Severodvinsk,64.56,39.83,275.15,93,40,1,RU,1589597094
296,Vostok,46.49,135.88,285.69,85,100,1.33,RU,1589596816
297,Bouloupari,-21.87,166.05,296.15,78,75,9.3,NC,1589597094
298,Murree,33.91,73.39,296.48,78,0,1.2,PK,1589597028
299,Adrar,20.5,-10.07,296.81,20,0,5.49,MR,1589597095
300,Belawan,3.78,98.68,300.15,88,40,2.1,ID,1589597095
301,Nishihara,26.18,127.76,303.15,78,75,6.7,JP,1589597095
302,Sisimiut,66.94,-53.67,277.54,80,5,1.37,GL,1589597068
303,Kaeo,-35.1,173.78,289.26,3,79,1.34,NZ,1589596850
304,Curaçá,-8.99,-39.91,296.12,77,0,5.57,BR,1589597096
305,Bamiantong,44.93,130.53,288.28,65,94,3.95,CN,1589597096
306,Piedras Negras,28.7,-100.52,295.02,81,100,2.45,MX,1589597096
307,Bendigo,-36.77,144.28,290.93,49,0,0.89,AU,1589597096
308,San Andrés,12.58,-81.7,302.15,79,20,2.6,CO,1589596778
309,Faya,18.39,42.45,291.15,67,40,4.6,SA,1589597097
310,Cockburn Town,21.46,-71.14,300.14,80,34,10.79,TC,1589596812
311,Charter Township of Clinton,42.59,-82.92,288.71,100,40,3.03,US,1589597097
312,Isangel,-19.55,169.27,299.15,69,75,4.1,VU,1589596804
313,Waipawa,-41.41,175.52,286.15,82,89,8.2,NZ,1589597098
314,Baharly,38.44,57.43,294.94,30,24,1.89,TM,1589597098
315,Tura,25.52,90.22,301.45,71,0,1.29,IN,1589596865
316,Kuragino,53.9,92.67,288.68,36,97,2.55,RU,1589597098
317,Hong Kong,22.29,114.16,304.26,74,7,3.13,HK,1589596811
318,Bonga,7.28,36.23,287.82,90,46,0.69,ET,1589597099
319,Tototlán,20.55,-102.8,299.15,12,5,4.1,MX,1589597099
320,Shubarkuduk,49.14,56.49,286.81,58,55,4.92,KZ,1589597099
321,Ancud,-41.87,-73.82,288.71,100,90,6.2,CL,1589596857
322,Santa Rosalía,27.32,-112.28,295.76,60,0,1.7,MX,1589597099
323,São Félix do Xingu,-6.64,-51.99,296.04,89,97,0.74,BR,1589597099
324,Le Port,-20.94,55.29,294.15,88,8,3.1,RE,1589597100
325,Sühbaatar,50.23,106.21,282.05,48,64,7.42,MN,1589597100
326,Hofn,64.25,-15.21,275.28,75,3,5.02,IS,1589596867
327,Unity,52.45,-109.17,285.37,37,0,2.58,CA,1589597100
328,Ugoofaaru,5.67,73,301.7,79,86,8.34,MV,1589596835
329,Tabasco,18,-92.67,303.15,74,5,1.26,MX,1589597101
330,Garden City,42.33,-83.33,290.15,77,40,2.1,US,1589597101
331,Fowa,8.92,6.4,298.52,88,86,1.37,NG,1589597101
332,Lompoc,34.64,-120.46,289.15,72,1,7.2,US,1589596796
333,Brigantine,39.41,-74.36,294.15,64,1,4.1,US,1589597102
334,Kidal,18.44,1.41,303.84,13,31,5.47,ML,1589597102
335,Sørland,67.67,12.69,274.68,97,100,13.71,NO,1589597102
336,Yangi Marg`ilon,40.43,71.72,291.15,55,100,2.1,UZ,1589596802
337,Saint Paul Harbor,57.79,-152.41,281.15,87,90,7.7,US,1589596762
338,Nome,64.5,-165.41,288.71,34,90,3.6,US,1589596843
339,Buenos Aires,-34.61,-58.38,291.48,52,0,4.1,AR,1589596550
340,Teya,60.38,92.63,285.89,41,91,5.56,RU,1589596811
341,Bulgan,48.81,103.53,282.35,42,11,6.34,MN,1589597103
342,Vestmanna,62.16,-7.17,276.15,74,88,8.2,FO,1589597103
343,Prince Rupert,54.32,-130.32,286.15,71,75,1.5,CA,1589597103
344,Kwang Binh,17.48,106.6,305.22,60,8,2.36,VN,1589597104
345,Pedasí,7.53,-80.03,300.78,79,100,1.77,PA,1589597104
346,Korla,41.76,86.15,301.33,16,100,6.04,CN,1589597104
347,Fereydūnkenār,36.69,52.52,287.15,93,10,2.1,IR,1589597104
348,Truth or Consequences,33.13,-107.25,301.15,11,1,4.1,US,1589597104
349,Peterhead,57.51,-1.8,281.48,70,100,6.7,GB,1589597105
350,Bathsheba,13.22,-59.52,300.15,78,40,8.7,BB,1589597105
351,Bowen,-20.02,148.23,299.82,53,40,9.8,AU,1589597105
352,Haimen,23.19,116.61,304.15,70,40,1,CN,1589597105
353,Plouzané,48.38,-4.62,280.15,93,18,2.6,FR,1589596866
354,Moshupa,-24.78,25.42,285.64,38,0,1.39,BW,1589597106
355,Karratha,-20.74,116.85,301.4,15,0,8.89,AU,1589596668
356,Petropavlovsk-Kamchatskiy,53.05,158.65,281.15,73,75,4,RU,1589597106
357,Liverpool,53.41,-2.98,283.71,76,100,5.7,GB,1589597064
358,Turukhansk,65.82,87.98,279.73,82,100,10.21,RU,1589596867
359,Hualmay,-11.1,-77.61,291.57,85,9,2.7,PE,1589597107
360,Borba,-4.39,-59.59,296.61,96,81,0.6,BR,1589597107
361,Al Bardīyah,31.76,25.09,294.13,55,0,2.2,LY,1589597107
362,Onega,63.91,38.14,276.48,77,10,1.13,RU,1589597107
363,Corinth,37.94,22.96,295.93,45,27,1.63,GR,1589597107
364,Carnarvon,-24.87,113.63,300.12,19,0,4.56,AU,1589596791
365,Saint Thomas Mount,13,80.2,303.71,84,40,2.6,IN,1589597108
366,Bolgatanga,10.79,-0.85,303.1,59,100,3.29,GH,1589597108
367,Loa Janan,-0.58,117.09,306.19,59,19,1.16,ID,1589597108
368,City of San Pedro,14.35,121.02,307.04,66,40,1,PH,1589597108
369,Hamilton,39.18,-84.53,293.15,93,1,1.12,US,1589596764
370,Kisangani,0.52,25.2,294.8,95,100,0.47,CD,1589597109
371,Ribeira Brava,32.65,-17.07,290.15,55,75,7.2,PT,1589597109
372,Jagüey Grande,22.53,-81.13,298.15,88,20,2.1,CU,1589597109
373,Jaqué,7.52,-78.17,300.21,82,97,0.91,PA,1589597109
374,Guarapari,-20.67,-40.5,294.15,94,90,5.1,BR,1589597110
375,Broken Hill,-31.95,141.43,290.15,45,0,3.1,AU,1589596849
376,Khatanga,71.97,102.5,275.11,88,61,4.01,RU,1589596771
377,Blyth,55.13,-1.51,281.48,70,100,5.7,GB,1589597110
378,Phan Thiet,10.93,108.1,304.56,61,89,2.16,VN,1589596801
379,Kuruman,-27.45,23.43,283.8,42,0,4.4,ZA,1589597111
380,Abu Samrah,35.3,37.18,296.58,27,0,1.03,SY,1589597111
381,Melbu,68.5,14.83,275.37,73,97,0.45,NO,1589597111
382,Makakilo City,21.35,-158.09,302.15,54,75,3.1,US,1589596877
383,Kalmunai,7.42,81.82,300.82,76,100,2.34,LK,1589597112
384,Newcastle,-32.93,151.78,293.15,60,40,4.1,AU,1589597011
385,Kudahuvadhoo,2.67,72.89,302.49,72,100,8.79,MV,1589596832
386,Formosa,-26.18,-58.18,284.15,100,0,1.5,AR,1589596936
387,Santiago de Cao,-7.96,-79.24,293.11,87,50,4.91,PE,1589597113
388,Mindelo,16.89,-24.98,295.15,73,20,7.7,CV,1589596816
389,Terenos,-20.44,-54.86,289.15,87,20,2.1,BR,1589597113
390,Mabaruma,8.2,-59.78,296.58,91,38,1.46,GY,1589597113
391,Cape Canaveral,28.41,-80.6,297.15,94,40,3.1,US,1589597113
392,Aktash,50.3,87.73,286.78,44,100,0.65,RU,1589597114
393,Poum,-20.23,164.02,297.01,70,3,3.87,NC,1589597114
394,Hoa Binh,20.81,105.34,302.15,79,75,5.1,VN,1589597114
395,La Paz,-16.5,-68.15,275.15,40,53,3.6,BO,1589597023
396,Baykalovo,57.4,63.77,286.65,44,92,1.9,RU,1589597115
397,Mirzāpur,25.15,82.58,303.15,58,0,1,IN,1589596856
398,Luganville,-15.53,167.17,301.15,69,90,3.6,VU,1589596831
399,Moose Factory,51.26,-80.61,277.15,86,90,1,CA,1589597115
400,Whitewater,42.83,-88.73,288.15,75,0,0.45,US,1589596909
401,Chongwe,-15.33,28.68,283.15,87,13,0.5,ZM,1589597116
402,Heihe,50.24,127.49,290.15,45,0,6,CN,1589597117
403,Kawalu,-7.38,108.21,299.94,81,74,1.93,ID,1589597117
404,Kamaishi,39.27,141.88,293.15,64,75,1,JP,1589597117
405,Bathurst,-33.42,149.58,290.93,55,20,3.87,AU,1589596837
406,Tezu,27.92,96.17,304.46,39,51,1.93,IN,1589597118
407,Ryōtsu-minato,38.08,138.43,292.15,68,100,2.6,JP,1589597118
408,Wum,6.38,10.07,291.78,94,100,1.18,CM,1589597118
409,Hidrolândia,-4.41,-40.44,295.99,95,68,0.62,BR,1589597119
410,Vizinga,61.07,50.1,277.02,96,100,4.04,RU,1589597119
411,Hambantota,6.12,81.12,300.35,84,100,9.95,LK,1589596830
412,Itarema,-2.92,-39.92,298.53,88,100,3.06,BR,1589596839
413,Basoko,1.24,23.62,294.35,93,54,0.47,CD,1589597119
414,Aquiraz,-3.9,-38.39,298.15,94,75,1.5,BR,1589597120
415,Okhotsk,59.38,143.3,282.94,50,88,4.23,RU,1589597120
416,Puerto Ayacucho,5.66,-67.62,298.04,91,99,2.29,VE,1589597120
417,Rawson,-43.3,-65.1,292.53,52,100,7.48,AR,1589596866
418,Les Cayes,18.2,-73.75,298.26,82,16,3.53,HT,1589597120
419,Boende,-0.22,20.87,295.34,97,77,0.25,CD,1589597121
420,Narva-Jõesuu,59.46,28.04,276.73,83,97,3.89,EE,1589597121
421,Beidao,34.57,105.89,296.24,38,0,2.45,CN,1589596789
422,Pokhara,28.23,83.98,299.69,48,64,1.56,NP,1589597121
423,Jacareacanga,-6.22,-57.75,296.68,95,81,0.17,BR,1589596858
424,São José da Coroa Grande,-8.9,-35.15,298.58,82,86,3.08,BR,1589597122
425,Mhlambanyatsi,-26.45,31.02,288.15,30,0,5.7,SZ,1589597122
426,Kyrnasivka,48.6,28.98,280.93,89,97,4.44,UA,1589597122
427,Mil'kovo,54.72,158.62,276.11,92,100,2.07,RU,1589597123
428,Alcúdia,39.85,3.12,289.82,84,55,9.68,ES,1589597123
429,Nyagan,62.14,65.39,280.93,60,27,1.63,RU,1589597123
430,Oddur,4.12,43.89,295.74,87,0,5.35,SO,1589597123
431,Horsham,51.06,-0.33,281.48,93,98,1,GB,1589597124
432,Esso,55.93,158.7,275.51,83,100,2.36,RU,1589597124
433,Andenes,69.31,16.12,276.15,64,98,7.7,NO,1589596869
434,Puerto Asís,0.51,-76.5,295.84,96,100,0.59,CO,1589597124
435,Arrondissement de Pithiviers,48.17,2.25,281.48,78,0,3.41,FR,1589597125
436,Sitka,57.05,-135.33,285.15,71,75,4.1,US,1589596800
437,Pimenta Bueno,-11.67,-61.19,294.94,95,34,1.2,BR,1589597125
438,Lubango,-14.92,13.49,286.66,43,1,2.4,AO,1589597125
439,Matamoros,25.53,-103.25,305.15,9,5,3.1,MX,1589597125
440,Lere,10.39,8.57,295.91,79,69,2.34,NG,1589597126
441,Half Moon Bay,37.46,-122.43,291.15,87,1,5.1,US,1589596703
442,Ladário,-19,-57.6,289.45,59,91,1.55,BR,1589597126
443,Moranbah,-22,148.05,298.42,28,52,8.52,AU,1589597126
444,Lodja,-3.48,23.43,294.57,93,90,0.96,CD,1589597126
445,Águas Vermelhas,-15.75,-41.46,292.05,95,95,0.97,BR,1589597127
446,Buala,-8.14,159.59,302.87,68,75,1.29,SB,1589596785
447,Achinsk,56.27,90.5,287.42,44,100,4.16,RU,1589597127
448,Baoshan,46.56,131.42,287.2,86,100,1.34,CN,1589597127
449,Svetlaya,46.54,138.33,283.31,84,100,1.27,RU,1589597127
450,Meulaboh,4.14,96.13,303.07,68,100,1.89,ID,1589597128
451,Alyangula,-13.85,136.42,300.15,78,90,3.6,AU,1589597128
452,Malartic,48.13,-78.13,280.15,100,90,4.1,CA,1589596867
453,Porbandar,21.64,69.61,302.02,66,0,6.51,IN,1589597128
454,Eyl,7.98,49.82,301.96,73,0,6.3,SO,1589597128
455,Paita,-5.09,-81.11,294.63,80,90,5.66,PE,1589597129
456,Ganzhou,28.82,115.43,301.64,68,44,0.67,CN,1589597129
457,Aswān,24.09,32.91,300.83,34,0,3.01,EG,1589596857
458,Iskateley,67.68,53.15,276.1,76,0,2.38,RU,1589597129
459,Port Macquarie,-31.43,152.92,292.04,73,77,0.45,AU,1589596988
460,Gigmoto,13.78,124.39,303.04,72,100,5.89,PH,1589597129
461,Buin,-33.73,-70.75,287.15,44,0,1.5,CL,1589597130
462,Tabou,4.42,-7.35,299.56,87,91,3.29,CI,1589597130
463,Tiznit Province,29.58,-9.5,286.14,90,65,4.62,MA,1589596787
464,Nizhniy Kuranakh,58.84,125.49,288.43,38,0,2.91,RU,1589597130
465,Port Hardy,50.7,-127.42,288.15,51,90,5.1,CA,1589596782
466,San Patricio,19.22,-104.7,295.52,75,0,2.08,MX,1589596815
467,Statesboro,32.45,-81.78,293.15,77,1,2.75,US,1589597131
468,Ternate,0.8,127.4,303.67,64,85,2.21,ID,1589597131
469,Teplodar,46.51,30.33,287.15,71,40,2,UA,1589597131
470,Arrondissement d'Arcachon,44.59,-1.05,287.04,76,44,3.1,FR,1589597132
471,Twentynine Palms,34.14,-116.05,304.15,14,1,2.1,US,1589597132
472,Moro,26.66,68,300.15,69,0,1.91,PK,1589597132
473,San Martín,-33.08,-68.47,287.15,47,23,2.1,AR,1589597132
474,Avera,33.19,-82.53,296.15,69,40,3.6,US,1589596807
475,Sainte-Maxime,43.3,6.63,289.26,87,12,4.07,FR,1589597133
476,Zaraza,9.35,-65.32,298.73,72,97,2.82,VE,1589597133
477,Poshekhon'ye,58.5,39.14,276.95,81,17,3.94,RU,1589597133
478,Kaputa,-8.47,29.66,292.87,78,4,1.35,ZM,1589596915
479,Bonthe,7.53,-12.51,300.29,85,81,1.34,SL,1589597134
480,Paka,4.64,103.44,305.15,75,20,2.1,MY,1589597134
481,Pilar,-9.6,-35.96,298.15,88,20,1,BR,1589597134
482,Fort-Shevchenko,44.51,50.26,288.16,75,100,5.07,KZ,1589597134
483,Port Said,31.26,32.28,296.15,78,7,3.6,EG,1589597135
484,Acaraú,-2.89,-40.12,299.05,86,100,3.45,BR,1589596823
485,Black River,18.03,-77.85,300.93,88,20,4.1,JM,1589597135
486,Merauke,-8.47,140.33,301.97,74,65,5.82,ID,1589596806
487,Evensk,61.95,159.23,278.16,69,55,10.49,RU,1589597135
488,Ust-Kuyga,70.02,135.6,275.78,89,100,4.15,RU,1589597136
489,Khonsa,27.02,95.57,294.92,86,27,0.56,IN,1589597136
490,Whitecourt,54.15,-115.69,289.15,38,75,2.1,CA,1589597136
491,Basco,20.45,121.97,300.9,82,100,4.99,PH,1589597136
492,Beyneu,45.32,55.2,290.68,45,29,2.42,KZ,1589596866
493,Miandrivazo,-19.52,45.47,292.08,83,0,0.32,MG,1589597137
494,Yumen,40.28,97.2,297.93,17,0,3.8,CN,1589597137
495,Bayir,37.27,28.22,290.15,88,0,1,TR,1589597137
496,Qandala,11.47,49.87,305.08,51,0,1.47,SO,1589597137
497,Katherine,-14.47,132.27,304.15,33,70,7.7,AU,1589596965
498,Chumikan,54.72,135.31,277.2,86,87,3.37,RU,1589596870
499,Porto-Novo,6.5,2.6,302.15,83,40,5.1,BJ,1589596912
500,Lavrentiya,65.58,-171,274.57,87,5,4.65,RU,1589596858
501,Mossamedes,-15.2,12.15,296.51,64,0,2.56,AO,1589596877
502,Gemeente Wageningen,51.97,5.67,279.26,100,49,2.08,NL,1589597138
503,Hargeisa,9.56,44.06,294.88,73,0,10.19,SO,1589597139
504,Kodinsk,58.69,99.18,285.12,39,100,1.75,RU,1589597139
505,São João do Piauí,-8.36,-42.25,295.31,82,0,1.36,BR,1589597139
506,Aripuanã,-9.17,-60.63,295.68,98,83,1.06,BR,1589597140
507,Nadym,65.53,72.52,278.9,87,100,4.17,RU,1589597140
508,Kyabram,-36.32,145.05,290.37,45,0,1.97,AU,1589597072
509,Wattegama,6.8,81.48,301.11,75,67,3.59,LK,1589597140
510,Copiapó,-27.37,-70.33,286.15,87,0,1,CL,1589597064
511,Dalvik,65.97,-18.53,271.15,92,20,4.6,IS,1589597141
512,Ibrā’,22.69,58.53,297.44,77,8,0.43,OM,1589597141
513,Golden,39.76,-105.22,285.15,87,90,6.2,US,1589596891
514,Shenjiamen,29.96,122.3,294.95,94,95,0.38,CN,1589597141
515,Balabac,7.99,117.06,304.87,59,98,2.9,PH,1589597141
516,Mola di Bari,41.06,17.09,292.04,100,100,3.12,IT,1589597141
517,Gilgit,35.92,74.31,292,27,1,1.32,PK,1589597142
518,Marzuq,14.4,46.47,299.29,33,0,1.43,YE,1589597142
519,Novo Horizonte,-21.47,-49.22,290.56,88,55,2.94,BR,1589597142
520,Kaduqli,11.02,29.72,300.95,52,97,2.46,SD,1589597142
521,Agadez,19.75,10.25,298.04,16,0,0.75,NE,1589597142
522,Kumluca,36.37,30.29,300.38,39,0,2.47,TR,1589597143
523,Vila Franca do Campo,37.72,-25.43,289.15,82,75,3.1,PT,1589596822
524,Ilo,-17.64,-71.34,291.11,81,99,2.15,PE,1589597143
525,Bagdarin,54.43,113.6,277.26,90,100,4.07,RU,1589597144
526,Burgeo,47.62,-57.62,274.7,87,2,2.95,CA,1589597144
527,Washington,47.5,-120.5,293.15,32,1,4.1,US,1589596797
528,Jérémie,18.65,-74.12,299.16,73,2,0.95,HT,1589597144
529,Røros,62.57,11.38,271.15,63,100,3.1,NO,1589597144
530,Abu Kamal,34.45,40.92,299.17,20,0,2.59,SY,1589597145
531,Río Gallegos,-51.62,-69.22,278.15,86,40,11.3,AR,1589597145
532,Sobolevo,54.43,31.9,277.12,84,22,2.8,RU,1589596849
533,Nago,26.59,127.98,302.15,79,90,5.7,JP,1589596874
534,La Asuncion,11.03,-63.86,293.15,100,66,7.2,VE,1589596799
535,Ekibastuz,51.67,75.37,292.79,53,0,7,KZ,1589596895
536,Palmer,42.16,-72.33,290.93,100,90,2.1,US,1589596793
537,Fukuechō,32.69,128.84,297.15,88,75,2.1,JP,1589596801
538,Keti Bandar,24.14,67.45,302.06,66,0,6.71,PK,1589597146
539,Srednekolymsk,67.45,153.68,278.34,67,91,2.49,RU,1589596868
540,Borovskoy,53.8,64.15,288.16,65,93,6.62,KZ,1589597147
541,Diamantino,-14.41,-56.45,293.77,86,43,1.38,BR,1589597147
542,Balikpapan,-1.27,116.83,302.81,78,32,2.87,ID,1589597064
543,Floriano,-6.77,-43.02,296.8,83,0,1.38,BR,1589597147
544,Talara,-4.58,-81.27,294.98,81,69,5.21,PE,1589597148
545,Pevek,69.7,170.31,272.93,95,0,1.54,RU,1589596817
546,Aleksandrovskiy Zavod,50.92,117.94,290.48,50,100,7.22,RU,1589597148
547,Camacha,33.08,-16.33,290.15,48,40,8.2,PT,1589596769
548,Te Anau,-45.42,167.72,283.96,57,0,0.18,NZ,1589596784
549,Harwich,51.94,1.28,282.59,74,17,5.02,GB,1589597148
550,Bilibino,68.05,166.44,276.52,74,0,2.14,RU,1589596778
551,Nogliki,51.83,143.17,278.46,87,100,2.28,RU,1589597149
552,Zhangaözen,43.3,52.8,286.53,51,54,2.53,KZ,1589597149
553,Vanimo,-2.67,141.3,304.1,65,69,3.91,PG,1589597149
554,Dzaoudzi,-12.79,45.27,300.15,69,75,10.3,YT,1589597150
555,Masakin,35.73,10.58,294.15,88,60,2.1,TN,1589597150
556,Bama,11.52,13.69,300.97,53,25,3.64,NG,1589597150
557,Atasū,48.68,71.64,290.67,61,65,3.46,KZ,1589597150
558,Kiunga,-6.12,141.29,305.13,59,46,2.16,PG,1589597150
559,Hobyo,5.35,48.53,301.14,75,10,9.32,SO,1589597151
560,Kieta,-6.22,155.63,302.96,68,82,2.56,PG,1589596837
561,Valday,57.97,33.25,274.72,91,6,2.13,RU,1589597151
562,Walvis Bay,-22.96,14.51,284.15,87,0,2.1,NA,1589596776
563,Havre-St-Pierre,50.23,-63.6,275.15,80,1,1,CA,1589597044
564,Anchorage,61.22,-149.9,292.15,32,1,3.6,US,1589596882
565,Juruti,-2.15,-56.09,297.65,92,3,0.83,BR,1589597152
566,Kadoma,34.73,135.58,292.15,93,75,5.7,JP,1589597152
567,Mumbai,19.01,72.85,304.15,70,75,3.83,IN,1589597153
568,Hammerfest,70.66,23.68,275.15,55,67,14.4,NO,1589596796
